Name,Given Name,Additional Name,Family Name,Yomi Name,Given Name Yomi,Additional Name Yomi,Family Name Yomi,Name Prefix,Name Suffix,Initials,Nickname,Short Name,Maiden Name,Birthday,Gender,Location,Billing Information,Directory Server,Mileage,Occupation,Hobby,Sensitivity,Priority,Subject,Notes,Language,Photo,Group Membership,Phone 1 - Type,Phone 1 - Value
C2686,,,,,,,,,,,,,,,,,,,,,,,,,,,,,,+1 (567) 257-8730
C2687,,,,,,,,,,,,,,,,,,,,,,,,,,,,,,+1 (567) 257-8730
C2688,,,,,,,,,,,,,,,,,,,,,,,,,,,,,,+1 (567) 257-8730
C2689,,,,,,,,,,,,,,,,,,,,,,,,,,,,,,+1 (567) 257-8730
C2690,,,,,,,,,,,,,,,,,,,,,,,,,,,,,,+1 (567) 257-8730
C2691,,,,,,,,,,,,,,,,,,,,,,,,,,,,,,+1 (567) 257-8730
C2692,,,,,,,,,,,,,,,,,,,,,,,,,,,,,,+1 (567) 257-8730
C2693,,,,,,,,,,,,,,,,,,,,,,,,,,,,,,+1 (567) 257-8730
C2694,,,,,,,,,,,,,,,,,,,,,,,,,,,,,,+1 (567) 257-8730
C2695,,,,,,,,,,,,,,,,,,,,,,,,,,,,,,+1 (567) 257-8730
C2696,,,,,,,,,,,,,,,,,,,,,,,,,,,,,,+1 (567) 257-8730
C2697,,,,,,,,,,,,,,,,,,,,,,,,,,,,,,+1 (567) 257-8730
C2698,,,,,,,,,,,,,,,,,,,,,,,,,,,,,,+1 (567) 257-8730
C2699,,,,,,,,,,,,,,,,,,,,,,,,,,,,,,+1 (567) 257-8730
C2700,,,,,,,,,,,,,,,,,,,,,,,,,,,,,,+1 (567) 257-8730
C2701,,,,,,,,,,,,,,,,,,,,,,,,,,,,,,+1 (567) 257-8730
C2702,,,,,,,,,,,,,,,,,,,,,,,,,,,,,,+1 (567) 257-8730
C2703,,,,,,,,,,,,,,,,,,,,,,,,,,,,,,+1 (567) 257-8730
C2704,,,,,,,,,,,,,,,,,,,,,,,,,,,,,,+1 (567) 257-8730
C2705,,,,,,,,,,,,,,,,,,,,,,,,,,,,,,+1 (567) 257-8730
C2706,,,,,,,,,,,,,,,,,,,,,,,,,,,,,,+1 (567) 257-8730
C2707,,,,,,,,,,,,,,,,,,,,,,,,,,,,,,+1 (567) 257-8730
C2708,,,,,,,,,,,,,,,,,,,,,,,,,,,,,,+1 (567) 257-8730
C2709,,,,,,,,,,,,,,,,,,,,,,,,,,,,,,+1 (567) 257-8730
C2710,,,,,,,,,,,,,,,,,,,,,,,,,,,,,,+1 (567) 257-8730
C2711,,,,,,,,,,,,,,,,,,,,,,,,,,,,,,+1 (567) 257-8730
C2712,,,,,,,,,,,,,,,,,,,,,,,,,,,,,,+1 (567) 257-8730
C2713,,,,,,,,,,,,,,,,,,,,,,,,,,,,,,+1 (567) 257-8730
C2714,,,,,,,,,,,,,,,,,,,,,,,,,,,,,,+1 (567) 257-8730
C2715,,,,,,,,,,,,,,,,,,,,,,,,,,,,,,+1 (567) 257-8730
,,,,,,,,,,,,,,,,,,,,,,,,,,,,,,+1 (567) 257-8730
,,,,,,,,,,,,,,,,,,,,,,,,,,,,,,+1 (567) 257-8730
